City_ID,City,Country,Date,Lat,Lng,Max Temp,Humidity,Cloudiness,Wind Speed
0,Yumen,CN,2021-10-29 06:10:46,40.2833,97.2,54.27,20,50,5.48
1,Yar-Sale,RU,2021-10-29 06:10:47,66.8333,70.8333,23.65,96,100,12.12
2,Belaya Gora,RU,2021-10-29 06:10:48,68.5333,146.4167,3.7,97,100,1.77
3,Busselton,AU,2021-10-29 06:10:48,-33.65,115.3333,62.04,45,47,5.17
4,Pietersburg,ZA,2021-10-29 06:10:50,-23.9045,29.4688,48.6,65,63,4.68
5,Port Hardy,CA,2021-10-29 06:10:50,50.6996,-127.4199,42.98,93,75,9.22
6,Sitka,US,2021-10-29 06:10:51,57.0531,-135.33,40.89,75,75,11.5
7,Si Satchanalai,TH,2021-10-29 06:10:51,17.5169,99.7598,83.57,74,52,4.14
8,Yellowknife,CA,2021-10-29 06:09:01,62.456,-114.3525,33.42,100,95,1.99
9,Kapaa,US,2021-10-29 06:10:52,22.0752,-159.319,78.78,97,75,6.91
10,Saskylakh,RU,2021-10-29 06:10:53,71.9167,114.0833,-13.59,100,98,5.03
11,Punta Arenas,CL,2021-10-29 06:08:03,-53.15,-70.9167,51.91,71,90,17.27
12,Burnie,AU,2021-10-29 06:10:54,-41.0667,145.9167,56.91,63,100,19.86
13,Bredasdorp,ZA,2021-10-29 06:10:54,-34.5322,20.0403,67.28,62,49,6.58
14,Ushuaia,AR,2021-10-29 06:07:52,-54.8,-68.3,55.06,47,20,3.44
15,Shingu,JP,2021-10-29 06:10:56,33.7333,135.9833,65.8,49,0,5.53
16,Fayaoue,NC,2021-10-29 06:06:16,-20.65,166.5333,75.45,72,0,14.79
17,Coahuayana,MX,2021-10-29 06:10:56,18.7333,-103.6833,76.86,92,8,2.86
18,Kajaani,FI,2021-10-29 06:08:38,64.2273,27.7285,46.45,100,90,6.91
19,Vokhma,RU,2021-10-29 06:10:57,58.9303,46.7586,25.88,65,68,4.41
20,Duluth,US,2021-10-29 06:08:40,46.7833,-92.1066,48.34,91,90,8.05
21,Hobart,AU,2021-10-29 06:08:21,-42.8794,147.3294,46.26,91,75,4.0
22,Ishigaki,JP,2021-10-29 06:10:58,24.3448,124.1572,75.4,61,5,11.99
23,Provideniya,RU,2021-10-29 06:10:58,64.3833,-173.3,15.91,67,90,15.66
24,Maturin,VE,2021-10-29 06:10:59,9.75,-63.1767,71.91,98,98,3.29
25,Malindi,KE,2021-10-29 06:10:59,-3.2175,40.1191,81.93,70,24,8.68
26,Khatanga,RU,2021-10-29 06:11:00,71.9667,102.5,-15.56,100,92,4.52
27,Victoria,HK,2021-10-29 06:10:56,22.2855,114.1577,84.25,83,35,14.65
28,Yulara,AU,2021-10-29 06:11:01,-25.2406,130.9889,87.64,9,2,6.91
29,Thoen,TH,2021-10-29 06:10:16,17.6129,99.2161,82.56,90,78,2.82
30,Hilo,US,2021-10-29 06:06:13,19.7297,-155.09,71.33,80,1,4.61
31,Erenhot,CN,2021-10-29 06:11:02,43.6475,111.9767,54.64,24,23,15.66
32,Vostok,RU,2021-10-29 06:11:03,46.4856,135.8833,43.5,56,1,3.78
33,Airai,TL,2021-10-29 06:11:04,-8.9266,125.4092,74.97,60,86,2.53
34,Springdale,US,2021-10-29 06:11:04,36.1867,-94.1288,47.93,96,90,18.01
35,Chokurdakh,RU,2021-10-29 06:11:05,70.6333,147.9167,-2.13,93,100,4.0
36,Salinopolis,BR,2021-10-29 06:11:05,-0.6136,-47.3561,77.41,87,68,6.46
37,Puerto Ayora,EC,2021-10-29 06:11:06,-0.7393,-90.3518,69.35,88,94,9.28
38,Faanui,PF,2021-10-29 06:11:06,-16.4833,-151.75,76.98,87,97,16.28
39,Tiksi,RU,2021-10-29 06:11:07,71.6872,128.8694,11.17,94,100,4.74
40,Husavik,IS,2021-10-29 06:11:07,66.0449,-17.3389,40.21,97,100,22.57
41,Khandyga,RU,2021-10-29 06:11:08,62.6667,135.6,19.96,92,100,6.49
42,Isangel,VU,2021-10-29 06:11:08,-19.55,169.2667,77.2,80,35,11.54
43,Arraial Do Cabo,BR,2021-10-29 06:11:09,-22.9661,-42.0278,70.75,91,100,13.09
44,Malakal,SS,2021-10-29 06:11:09,9.5334,31.6605,82.67,59,19,1.72
45,Bubaque,GW,2021-10-29 06:11:10,11.2833,-15.8333,80.98,69,88,9.08
46,Cleveland,US,2021-10-29 06:08:32,41.4995,-81.6954,57.38,92,90,9.22
47,Rantepao,ID,2021-10-29 06:11:11,-2.9701,119.8978,78.21,85,61,2.77
48,Launceston,AU,2021-10-29 06:12:11,-41.45,147.1667,54.81,71,90,3.0
49,Rikitea,PF,2021-10-29 06:12:12,-23.1203,-134.9692,75.51,80,32,14.94
50,Mayor Pablo Lagerenza,PY,2021-10-29 06:12:13,-19.9309,-60.7718,82.6,46,74,6.8
51,Mataura,NZ,2021-10-29 06:12:13,-46.1927,168.8643,62.51,73,64,3.24
52,Mogadishu,SO,2021-10-29 06:12:14,2.0371,45.3438,81.37,72,53,7.2
53,Cairns,AU,2021-10-29 06:11:13,-16.9167,145.7667,90.95,63,15,10.36
54,Torbay,CA,2021-10-29 06:12:15,47.6666,-52.7314,39.58,93,90,14.97
55,Alofi,NU,2021-10-29 06:12:16,-19.0595,-169.9187,77.14,68,13,22.06
56,Hermanus,ZA,2021-10-29 06:12:16,-34.4187,19.2345,67.8,71,6,6.93
57,Barrow,US,2021-10-29 06:12:17,71.2906,-156.7887,-0.38,85,1,12.66
58,Nome,US,2021-10-29 06:12:17,64.5011,-165.4064,30.27,59,90,19.57
59,Komsomolskiy,UZ,2021-10-29 06:12:18,40.4272,71.7189,50.72,62,40,4.61
60,Tuktoyaktuk,CA,2021-10-29 06:12:18,69.4541,-133.0374,25.0,94,100,3.4
61,Qaanaaq,GL,2021-10-29 06:12:19,77.484,-69.3632,14.65,77,79,6.93
62,Paamiut,GL,2021-10-29 06:12:19,61.994,-49.6678,33.46,81,100,8.52
63,Noshiro,JP,2021-10-29 06:12:20,40.2039,140.0242,56.8,65,85,9.66
64,Mar Del Plata,AR,2021-10-29 06:12:21,-38.0023,-57.5575,65.08,83,0,1.01
65,Bethel,US,2021-10-29 06:12:21,41.3712,-73.414,49.5,90,1,0.0
66,Fort Nelson,CA,2021-10-29 06:12:22,58.8053,-122.7002,32.07,59,100,5.14
67,Tura,IN,2021-10-29 06:12:22,25.5198,90.2201,82.89,57,2,2.55
68,Kelamangalam,IN,2021-10-29 06:12:23,12.6,77.85,81.36,77,100,9.1
69,New Norfolk,AU,2021-10-29 06:12:23,-42.7826,147.0587,45.91,70,100,5.01
70,Avarua,CK,2021-10-29 06:12:24,-21.2078,-159.775,73.45,73,40,6.91
71,Kruisfontein,ZA,2021-10-29 06:12:25,-34.0033,24.7314,67.89,86,86,19.48
72,Port Alfred,ZA,2021-10-29 06:12:26,-33.5906,26.891,75.29,69,62,6.17
73,Hailey,US,2021-10-29 06:12:26,43.5196,-114.3153,39.9,71,31,7.0
74,Ponta Do Sol,PT,2021-10-29 06:12:27,32.6667,-17.1,69.12,72,90,7.94
75,Hithadhoo,MV,2021-10-29 06:12:27,-0.6,73.0833,83.91,72,56,15.03
76,Dingle,PH,2021-10-29 06:12:28,10.9995,122.6711,84.13,78,72,12.03
77,Honiara,SB,2021-10-29 06:12:29,-9.4333,159.95,84.85,77,54,5.82
78,Lavrentiya,RU,2021-10-29 06:12:29,65.5833,-171.0,15.64,91,100,7.34
79,Hasaki,JP,2021-10-29 06:12:30,35.7333,140.8333,66.29,53,68,25.72
80,Del Rio,US,2021-10-29 06:09:59,29.3627,-100.8968,59.43,44,1,0.0
81,Ilulissat,GL,2021-10-29 06:12:31,69.2167,-51.1,26.62,86,90,3.44
82,Hazleton,US,2021-10-29 06:12:31,40.9584,-75.9746,49.53,88,90,3.44
83,Castro,BR,2021-10-29 06:12:32,-24.7911,-50.0119,60.1,93,99,6.69
84,Tabanan,ID,2021-10-29 06:12:33,-8.5413,115.1252,88.2,77,100,6.22
85,Bathsheba,BB,2021-10-29 06:12:33,13.2167,-59.5167,79.41,78,40,9.22
86,Leningradskiy,RU,2021-10-29 06:12:34,69.3833,178.4167,-4.5,92,96,5.68
87,Severo-Kurilsk,RU,2021-10-29 06:08:58,50.6789,156.125,44.01,97,100,3.0
88,Jamestown,US,2021-10-29 06:07:38,42.097,-79.2353,57.07,74,90,5.99
89,Saldanha,ZA,2021-10-29 06:13:35,-33.0117,17.9442,62.01,86,71,10.98
90,Vallenar,CL,2021-10-29 06:13:36,-28.5708,-70.7581,65.75,52,83,1.16
91,East London,ZA,2021-10-29 06:13:36,-33.0153,27.9116,74.05,76,57,8.21
92,Oga,IT,2021-10-29 06:13:37,46.4631,10.347,40.28,53,77,5.08
93,Awbari,LY,2021-10-29 06:13:38,26.5921,12.7805,65.1,46,82,4.32
94,Dikson,RU,2021-10-29 06:13:38,73.5069,80.5464,9.23,87,100,6.44
95,Canakkale,TR,2021-10-29 06:13:38,40.0833,26.8333,52.41,63,96,17.34
96,Cidreira,BR,2021-10-29 06:13:39,-30.1811,-50.2056,67.35,85,51,16.6
97,Massakory,TD,2021-10-29 06:13:39,12.996,15.7293,81.95,17,92,6.78
98,Tshane,BW,2021-10-29 06:13:40,-24.0196,21.8684,70.3,67,18,13.02
99,Saint-Pierre,RE,2021-10-29 06:13:41,-21.3393,55.4781,76.19,87,75,18.41
100,Acapulco,MX,2021-10-29 06:11:17,16.8634,-99.8901,78.4,89,36,4.14
101,Norman Wells,CA,2021-10-29 06:13:41,65.282,-126.8329,23.52,95,100,5.59
102,Berlevag,NO,2021-10-29 06:13:42,70.8578,29.0864,37.35,75,75,12.66
103,Abu Samrah,SY,2021-10-29 06:13:43,35.3029,37.1841,63.09,58,95,8.86
104,Georgetown,MY,2021-10-29 06:13:01,5.4112,100.3354,89.89,73,20,11.5
105,Sorland,NO,2021-10-29 06:13:43,67.667,12.6934,46.26,76,75,11.5
106,Albany,US,2021-10-29 06:12:37,42.6001,-73.9662,43.16,93,23,1.83
107,Atuona,PF,2021-10-29 06:13:44,-9.8,-139.0333,77.99,72,12,17.45
108,Aykhal,RU,2021-10-29 06:13:45,66.0,111.5,3.7,95,100,9.84
109,Longyearbyen,SJ,2021-10-29 06:13:45,78.2186,15.6401,19.24,73,20,10.36
110,Bluff,NZ,2021-10-29 06:13:46,-46.6,168.3333,57.63,84,51,7.36
111,Esperance,AU,2021-10-29 06:13:47,-33.8667,121.9,58.1,58,79,11.48
112,Vardo,NO,2021-10-29 06:13:48,70.3705,31.1107,35.8,86,75,24.16
113,Provost,CA,2021-10-29 06:13:48,52.3501,-110.2683,42.26,29,95,9.08
114,Lebu,CL,2021-10-29 06:13:48,-37.6167,-73.65,51.73,86,64,14.9
115,Sabha,LY,2021-10-29 06:13:49,27.0377,14.4283,67.26,40,99,8.55
116,Armizonskoye,RU,2021-10-29 06:13:50,55.9461,67.6736,35.37,94,99,18.68
117,Manzanillo,CU,2021-10-29 06:13:30,20.3433,-77.1167,75.63,80,97,3.67
118,La Ronge,CA,2021-10-29 06:13:51,55.1001,-105.2842,36.03,67,23,7.65
119,Constitucion,CL,2021-10-29 06:13:51,-35.3333,-72.4167,54.61,75,6,10.96
120,Vestmannaeyjar,IS,2021-10-29 06:13:52,63.4427,-20.2734,44.33,81,100,13.29
121,Lompoc,US,2021-10-29 06:13:52,34.6391,-120.4579,71.56,81,1,4.61
122,Cabo San Lucas,MX,2021-10-29 06:13:53,22.8909,-109.9124,78.51,73,0,6.08
123,Paragominas,BR,2021-10-29 06:13:54,-2.9667,-47.4833,71.28,98,98,2.64
124,Bilibino,RU,2021-10-29 06:13:55,68.0546,166.4372,-19.16,95,41,3.98
125,Yarmouth,US,2021-10-29 06:13:55,41.7057,-70.2286,53.71,76,90,17.0
126,Ondangwa,NA,2021-10-29 06:13:56,-17.9167,15.95,74.34,55,32,8.37
127,Neiafu,TO,2021-10-29 06:13:57,-18.65,-173.9833,77.68,83,40,2.3
128,Alekseyevsk,RU,2021-10-29 06:13:57,57.8406,108.3492,30.49,42,36,7.65
129,Kaitangata,NZ,2021-10-29 06:13:58,-46.2817,169.8464,57.22,78,38,5.37
130,College,US,2021-10-29 06:09:42,64.8569,-147.8028,21.15,87,75,0.0
131,Ribeira Grande,PT,2021-10-29 06:13:59,38.5167,-28.7,70.95,89,89,31.21
132,Thompson,CA,2021-10-29 06:13:59,55.7435,-97.8558,40.39,86,30,8.57
133,Geraldton,AU,2021-10-29 06:14:00,-28.7667,114.6,79.12,33,0,23.02
134,Ugoofaaru,MV,2021-10-29 06:14:00,5.6667,73.0,81.23,76,95,9.73
135,Mecca,SA,2021-10-29 06:15:01,21.4267,39.8261,85.96,39,17,2.17
136,Nalut,LY,2021-10-29 06:15:02,30.3333,10.85,60.51,56,5,3.76
137,Oksovskiy,RU,2021-10-29 06:15:03,62.6062,39.8984,29.59,94,100,11.1
138,Sao Filipe,CV,2021-10-29 06:15:04,14.8961,-24.4956,77.13,81,71,10.71
139,Kailua,US,2021-10-29 06:13:48,21.4022,-157.7394,78.78,73,20,12.21
140,Sept-Iles,CA,2021-10-29 06:15:05,50.2001,-66.3821,40.71,57,0,6.91
141,Axim,GH,2021-10-29 06:15:06,4.8699,-2.2405,76.12,91,56,1.66
142,Vaini,TO,2021-10-29 06:15:06,-21.2,-175.2,75.36,88,75,4.61
143,Ambanja,MG,2021-10-29 06:15:07,-13.6833,48.45,82.33,55,12,2.59
144,Saint-Philippe,RE,2021-10-29 06:15:08,-21.3585,55.7679,78.35,90,77,6.96
145,Ahuimanu,US,2021-10-29 06:15:08,21.4447,-157.8378,78.51,72,20,9.22
146,Cherskiy,RU,2021-10-29 06:15:09,68.75,161.3,-10.21,90,78,2.77
147,Nekrasovka,RU,2021-10-29 06:15:09,48.3525,135.2325,51.82,40,0,13.42
148,Okhotsk,RU,2021-10-29 06:15:09,59.3833,143.3,28.35,83,99,6.2
149,Rosarito,MX,2021-10-29 06:15:10,32.3333,-117.0333,73.15,54,0,1.5
150,Itoman,JP,2021-10-29 06:15:11,26.1247,127.6694,79.57,49,0,8.05
151,Asuncion,PY,2021-10-29 06:15:11,-25.3007,-57.6359,72.45,50,0,3.38
152,Plettenberg Bay,ZA,2021-10-29 06:15:12,-34.0527,23.3716,61.07,94,84,9.24
153,Palauig,PH,2021-10-29 06:15:13,15.435,119.9045,85.3,62,68,6.42
154,Port Hedland,AU,2021-10-29 06:15:14,-20.3167,118.5667,87.85,42,5,21.85
155,Maua,BR,2021-10-29 06:15:14,-23.6678,-46.4614,66.36,90,100,2.35
156,Poronaysk,RU,2021-10-29 06:15:15,49.2167,143.1167,44.1,64,3,9.89
157,Cape Town,ZA,2021-10-29 06:15:16,-33.9258,18.4232,64.11,76,75,4.0
158,Bonthe,SL,2021-10-29 06:15:16,7.5264,-12.505,75.33,90,100,4.81
159,Mahebourg,MU,2021-10-29 06:15:17,-20.4081,57.7,73.69,94,40,9.22
160,Souillac,MU,2021-10-29 06:15:18,-20.5167,57.5167,73.78,94,40,9.22
161,Ayr,GB,2021-10-29 06:15:18,55.4627,-4.6339,52.92,100,75,3.44
162,Kavaratti,IN,2021-10-29 06:15:19,10.5669,72.642,81.59,75,98,5.91
163,Bambous Virieux,MU,2021-10-29 06:15:21,-20.3428,57.7575,73.65,94,40,9.22
164,Butaritari,KI,2021-10-29 06:15:22,3.0707,172.7902,82.6,72,1,13.06
165,Kilmallock,IE,2021-10-29 06:15:23,52.4,-8.5772,47.08,97,100,4.41
166,Asau,RO,2021-10-29 06:15:24,46.4333,26.4,45.75,71,2,0.94
167,Oneida,US,2021-10-29 06:15:24,43.2001,-75.4663,48.43,89,1,1.01
168,Haizhou,CN,2021-10-29 06:15:25,34.5817,119.1289,67.96,36,38,3.49
169,Krasnoselkup,RU,2021-10-29 06:15:25,65.7,82.4667,28.62,96,100,18.5
170,Natal,BR,2021-10-29 06:11:35,-5.795,-35.2094,75.85,88,40,2.3
171,Bengkulu,ID,2021-10-29 06:15:26,-3.8004,102.2655,85.64,65,81,9.55
172,Vysokopillya,UA,2021-10-29 06:15:27,47.4919,33.5306,48.58,81,48,7.67
173,Igualada,ES,2021-10-29 06:15:27,41.581,1.6172,59.32,91,99,1.01
174,Saint George,US,2021-10-29 06:15:28,37.1041,-113.5841,62.35,58,1,3.0
175,Hirtshals,DK,2021-10-29 06:15:29,57.5881,9.9592,46.22,88,11,14.36
176,Wanning,CN,2021-10-29 06:15:31,18.8003,110.3967,77.59,88,95,10.56
177,Moyobamba,PE,2021-10-29 06:15:32,-6.05,-76.9667,65.32,99,100,1.3
178,Amiens,FR,2021-10-29 06:12:59,49.9,2.3,52.27,74,73,16.87
179,Hofn,IS,2021-10-29 06:16:33,64.2539,-15.2082,43.5,84,100,15.23
180,Jalu,LY,2021-10-29 06:16:33,29.0331,21.5482,71.13,47,71,4.9
181,Sarny,UA,2021-10-29 06:16:34,51.338,26.6019,44.58,94,33,6.15
182,Atar,MR,2021-10-29 06:16:34,20.5169,-13.0499,74.19,44,99,6.24
183,Emba,KZ,2021-10-29 06:16:35,48.8264,58.1442,38.25,50,100,11.9
184,Coyaima,CO,2021-10-29 06:16:35,3.7994,-75.1947,73.02,80,38,3.49
185,Lasa,IT,2021-10-29 06:16:36,46.6166,10.7002,40.08,56,72,4.05
186,Port Elizabeth,ZA,2021-10-29 06:16:36,-33.918,25.5701,71.1,94,75,19.57
187,Solnechnyy,RU,2021-10-29 06:16:37,50.7214,136.6319,44.96,62,3,5.61
188,Portel,BR,2021-10-29 06:16:37,-1.9356,-50.8211,73.67,95,78,2.98
189,Urumqi,CN,2021-10-29 06:16:07,43.801,87.6005,54.55,35,0,2.24
190,Taltal,CL,2021-10-29 06:15:28,-25.4,-70.4833,58.17,81,35,1.99
191,Klaksvik,FO,2021-10-29 06:16:38,62.2266,-6.589,49.12,90,32,21.09
192,Meulaboh,ID,2021-10-29 06:16:39,4.1363,96.1285,85.19,71,93,6.4
193,Carnarvon,AU,2021-10-29 06:16:39,-24.8667,113.6333,75.27,46,0,23.02
194,Uribia,CO,2021-10-29 06:16:40,11.7139,-72.266,79.54,81,92,2.17
195,Aripuana,BR,2021-10-29 06:16:40,-9.1667,-60.6333,71.47,98,63,2.53
196,Upernavik,GL,2021-10-29 06:16:41,72.7868,-56.1549,21.47,58,100,5.01
197,A Coruna,ES,2021-10-29 06:16:41,43.3713,-8.396,57.88,89,20,3.0
198,Providencia,MX,2021-10-29 06:16:42,28.7167,-111.5833,66.25,50,0,7.34
199,Udachnyy,RU,2021-10-29 06:16:42,66.4167,112.4,5.07,93,100,16.4
200,Unai,BR,2021-10-29 06:14:26,-16.3575,-46.9061,70.95,58,59,2.17
201,Puerto Escondido,MX,2021-10-29 06:16:43,15.85,-97.0667,79.79,83,55,3.51
202,Saint-Georges,GD,2021-10-29 06:16:44,12.0564,-61.7485,78.48,89,20,5.75
203,Salalah,OM,2021-10-29 06:16:44,17.0151,54.0924,86.09,48,0,5.75
204,Kotelnikovo,RU,2021-10-29 06:16:45,47.6317,43.1461,48.25,78,100,7.18
205,Kavieng,PG,2021-10-29 06:16:45,-2.5744,150.7967,84.6,70,78,5.37
206,Shu,KZ,2021-10-29 06:16:46,43.5983,73.7614,50.32,58,98,5.91
207,Hami,CN,2021-10-29 06:16:46,42.8,93.45,58.57,24,6,2.48
208,Dobson,US,2021-10-29 06:12:01,36.3957,-80.7226,60.69,97,100,4.61
209,Semirom,IR,2021-10-29 06:16:47,31.4167,51.5667,53.35,35,45,4.61
210,Taywarah,AF,2021-10-29 06:16:48,33.35,64.4167,48.47,25,1,7.92
211,Manicore,BR,2021-10-29 06:16:49,-5.8092,-61.3003,74.08,90,71,1.16
212,Chuy,UY,2021-10-29 06:16:50,-33.6971,-53.4616,62.69,96,0,7.96
213,Mayo,US,2021-10-29 06:16:50,38.8876,-76.5119,59.04,88,75,18.99
214,Nemencine,LT,2021-10-29 06:16:51,54.85,25.4833,49.33,96,26,6.38
215,Melton Mowbray,GB,2021-10-29 06:16:53,52.7659,-0.8869,57.24,88,100,26.55
216,Hervey Bay,AU,2021-10-29 06:16:53,-25.2986,152.8535,81.01,72,77,18.97
217,Pisco,PE,2021-10-29 06:16:54,-13.7,-76.2167,60.85,88,0,10.36
218,Doha,QA,2021-10-29 06:14:55,25.2867,51.5333,88.11,58,0,11.5
219,Mumford,GH,2021-10-29 06:16:56,5.2618,-0.759,76.12,91,31,5.55
220,Maniitsoq,GL,2021-10-29 06:16:57,65.4167,-52.9,29.25,96,100,14.2
221,Juegang,CN,2021-10-29 06:16:59,32.3174,121.1855,72.97,56,6,7.78
222,Mersing,MY,2021-10-29 06:17:00,2.4312,103.8405,87.71,74,40,5.75
223,Baiquan,CN,2021-10-29 06:17:01,47.5833,126.0833,56.75,33,22,13.53
224,Botwood,CA,2021-10-29 06:17:03,49.1499,-55.3482,36.9,83,95,8.39
225,Ancud,CL,2021-10-29 06:17:04,-41.8697,-73.8203,49.53,92,100,3.02
226,Kungurtug,RU,2021-10-29 06:18:05,50.5994,97.5228,40.03,60,87,1.83
227,Ilo,PE,2021-10-29 06:18:05,-17.6394,-71.3375,64.0,83,82,5.39
228,Phek,IN,2021-10-29 06:18:05,25.6667,94.5,74.98,38,37,1.88
229,Kapit,MY,2021-10-29 06:18:06,2.0167,112.9333,82.83,85,100,2.39
230,Nanlong,CN,2021-10-29 06:18:07,31.3533,106.0631,65.62,65,80,4.5
231,Jiangyou,CN,2021-10-29 06:18:07,31.7667,104.7167,68.02,58,12,7.43
232,Jiutai,CN,2021-10-29 06:18:08,44.1525,125.8328,61.52,32,61,9.08
233,Maldonado,UY,2021-10-29 06:18:08,-34.6667,-54.9167,60.19,89,0,8.41
234,Manado,ID,2021-10-29 06:18:09,1.487,124.8455,90.37,58,40,4.61
235,Bonga,ET,2021-10-29 06:18:09,7.2833,36.2333,69.42,64,27,2.15
236,Pedernales,DO,2021-10-29 06:18:10,18.0384,-71.744,79.27,73,98,5.44
237,Beringovskiy,RU,2021-10-29 06:18:10,63.05,179.3167,6.71,80,16,4.41
238,Zyryanka,RU,2021-10-29 06:18:11,65.75,150.85,2.05,93,95,4.07
239,Sao Joao Da Barra,BR,2021-10-29 06:18:11,-21.6403,-41.0511,72.32,87,95,7.34
240,Nikolskoye,RU,2021-10-29 06:18:12,59.7035,30.7861,52.88,87,100,11.34
241,San Patricio,US,2021-10-29 06:18:12,28.017,-97.5169,69.69,33,0,8.9
242,Tosya,TR,2021-10-29 06:18:13,41.0155,34.0401,45.41,77,86,3.71
243,Clyde River,CA,2021-10-29 06:18:14,70.4692,-68.5914,27.54,93,95,10.11
244,Cedar City,US,2021-10-29 06:15:59,37.6775,-113.0619,45.39,75,1,3.44
245,Gaptsakh,RU,2021-10-29 06:18:15,41.4517,47.9303,45.46,51,0,2.64
246,Luwuk,ID,2021-10-29 06:18:15,-0.9516,122.7875,87.35,66,67,4.88
247,Kodiak,US,2021-10-29 06:18:16,57.79,-152.4072,34.74,66,9,1.5
248,Nemuro,JP,2021-10-29 06:14:22,43.3236,145.575,49.28,77,99,24.67
249,Fritzlar,DE,2021-10-29 06:18:16,51.1333,9.2833,45.9,93,75,8.05
250,Nyuksenitsa,RU,2021-10-29 06:18:17,60.4128,44.2397,27.95,64,100,8.68
251,Huarmey,PE,2021-10-29 06:18:18,-10.0681,-78.1522,63.0,87,60,8.86
252,Bad Kissingen,DE,2021-10-29 06:18:19,50.2,10.0833,42.8,99,6,2.24
253,Quetta,PK,2021-10-29 06:16:17,30.199,67.0097,64.56,26,1,5.14
254,Port-De-Bouc,FR,2021-10-29 06:18:20,43.4,4.9833,60.96,63,75,10.36
255,Ziro,IN,2021-10-29 06:18:20,27.6333,93.8333,68.74,33,0,2.66
256,Yining,CN,2021-10-29 06:18:20,29.0361,114.5636,66.38,68,99,2.8
257,Palmer,US,2021-10-29 06:18:21,42.1584,-72.3287,40.17,87,1,0.0
258,Talnakh,RU,2021-10-29 06:18:21,69.4865,88.3972,3.15,86,100,9.28
259,Vieux-Habitants,GP,2021-10-29 06:18:22,16.0589,-61.7659,71.17,77,10,6.96
260,Dwarka,IN,2021-10-29 06:18:22,22.2394,68.9678,85.21,40,9,14.85
261,Tomatlan,MX,2021-10-29 06:18:23,19.9333,-105.25,74.89,94,65,2.84
262,Long,TH,2021-10-29 06:18:23,18.0761,99.8326,88.2,80,77,4.83
263,Tau,NO,2021-10-29 06:18:24,59.0667,5.9,55.15,87,100,14.58
264,Westport,US,2021-10-29 06:18:24,41.1415,-73.3579,53.74,87,1,5.99
265,Poso,ID,2021-10-29 06:18:25,-1.3959,120.7524,85.68,71,80,5.12
266,Cotmeana,RO,2021-10-29 06:18:26,44.9667,24.6167,43.83,56,46,3.47
267,Kutum,SD,2021-10-29 06:18:26,14.2,24.6667,72.5,15,21,7.07
268,Tasiilaq,GL,2021-10-29 06:18:27,65.6145,-37.6368,24.96,66,4,5.48
269,Aklavik,CA,2021-10-29 06:18:27,68.2191,-135.0107,25.63,94,98,4.54
270,Sisimiut,GL,2021-10-29 06:19:28,66.9395,-53.6735,30.52,94,100,10.07
271,Ucluelet,CA,2021-10-29 06:15:36,48.9329,-125.5528,46.96,91,100,3.53
272,Cheney,US,2021-10-29 06:19:29,47.4874,-117.5758,60.75,84,90,19.57
273,Sistranda,NO,2021-10-29 06:19:30,63.7256,8.834,53.91,91,100,10.36
274,Belmonte,BR,2021-10-29 06:19:30,-15.8631,-38.8828,75.7,83,22,8.08
275,Sabang,ID,2021-10-29 06:17:08,5.8933,95.3214,83.17,75,89,3.94
276,Korosladany,HU,2021-10-29 06:19:31,46.9667,21.0833,37.98,54,37,2.46
277,Taoudenni,ML,2021-10-29 06:19:31,22.6783,-3.9836,78.76,28,88,6.42
278,Hammerfest,NO,2021-10-29 06:19:32,70.6634,23.6821,40.73,87,75,3.44
279,Nuuk,GL,2021-10-29 06:19:33,64.1835,-51.7216,30.81,93,90,4.61
280,Carepa,CO,2021-10-29 06:19:33,7.7585,-76.6525,74.57,99,100,2.86
281,San Lorenzo De El Escorial,ES,2021-10-29 06:19:34,40.5914,-4.1474,54.82,70,100,3.33
282,Rio Gallegos,AR,2021-10-29 06:18:29,-51.6226,-69.2181,48.25,76,0,3.44
283,Elbistan,TR,2021-10-29 06:19:34,38.2059,37.1983,49.87,71,97,4.0
284,Port Macquarie,AU,2021-10-29 06:18:18,-31.4333,152.9167,83.66,52,98,4.85
285,Cardston,CA,2021-10-29 06:19:30,49.2,-113.3019,53.69,62,49,8.05
286,Coihaique,CL,2021-10-29 06:16:17,-45.5752,-72.0662,51.75,71,75,4.61
287,Thunder Bay,CA,2021-10-29 06:19:36,48.4001,-89.3168,47.28,95,90,3.44
288,Nioro,GM,2021-10-29 06:19:36,13.35,-15.75,75.27,72,100,2.51
289,Grong,NO,2021-10-29 06:19:38,64.4654,12.3149,45.82,97,100,2.71
290,Beinamar,TD,2021-10-29 06:19:39,8.6698,15.3813,75.58,67,58,2.77
291,Sao Domingos Do Maranhao,BR,2021-10-29 06:19:39,-5.5758,-44.3853,72.39,82,8,2.24
292,Raga,SS,2021-10-29 06:19:40,8.4596,25.678,80.96,60,34,0.67
293,Sechura,PE,2021-10-29 06:18:20,-5.5569,-80.8222,65.19,79,51,11.68
294,Tutoia,BR,2021-10-29 06:19:41,-2.7619,-42.2744,79.03,85,63,10.25
295,Gazli,UZ,2021-10-29 06:19:41,40.1333,63.45,50.29,48,0,4.25
296,Slave Lake,CA,2021-10-29 06:19:42,55.2834,-114.769,37.38,65,90,4.61
297,Orissaare,EE,2021-10-29 06:19:42,58.5592,23.0826,50.95,91,47,14.81
298,Mafra,BR,2021-10-29 06:19:43,-26.1114,-49.8053,60.93,97,100,1.16
299,Tiarei,PF,2021-10-29 06:19:43,-17.5333,-149.3333,71.62,90,98,27.56
300,Jacareacanga,BR,2021-10-29 06:19:44,-6.2222,-57.7528,72.03,91,4,1.12
301,Ibanda,TZ,2021-10-29 06:19:44,-2.7974,32.4746,77.04,46,77,6.06
302,Chapais,CA,2021-10-29 06:19:45,49.7834,-74.8492,31.78,74,0,4.74
303,Padang,ID,2021-10-29 06:19:45,-0.9492,100.3543,87.85,69,97,3.4
304,Lashio,MM,2021-10-29 06:19:46,22.9333,97.75,83.21,55,21,2.71
305,Roswell,US,2021-10-29 06:18:33,34.0232,-84.3616,56.39,96,90,0.0
306,Nelidovo,RU,2021-10-29 06:19:47,56.2211,32.7774,48.11,96,100,9.24
307,Zhanaozen,KZ,2021-10-29 06:19:47,43.3,52.8,45.63,51,100,15.01
308,Darhan,MN,2021-10-29 06:17:53,49.4867,105.9228,40.14,35,77,10.96
309,San Quintin,MX,2021-10-29 06:19:48,30.4833,-115.95,67.39,56,0,1.34
310,Naze,JP,2021-10-29 06:19:48,28.3667,129.4833,74.32,55,55,9.86
311,Pitimbu,BR,2021-10-29 06:19:49,-7.4706,-34.8086,72.19,76,86,10.58
312,Deputatskiy,RU,2021-10-29 06:19:50,69.3,139.9,4.95,93,100,6.31
313,Leh,IN,2021-10-29 06:19:50,34.1667,77.5833,31.6,45,0,3.98
314,Hamadan,IR,2021-10-29 06:19:51,34.7992,48.5146,49.08,37,75,2.3
315,Iqaluit,CA,2021-10-29 06:19:51,63.7506,-68.5145,37.13,86,90,4.0
316,Bilma,NE,2021-10-29 06:19:52,18.6853,12.9164,79.32,18,10,4.61
317,Lorengau,PG,2021-10-29 06:20:53,-2.0226,147.2712,85.33,67,100,4.32
318,Krasnyy Chikoy,RU,2021-10-29 06:20:53,50.3643,108.7512,38.86,36,100,6.22
319,Guerrero Negro,MX,2021-10-29 06:20:54,27.9769,-114.0611,67.96,78,0,6.53
320,Bud,US,2021-10-29 06:20:54,39.447,-86.1758,55.38,98,93,8.08
321,Chengde,CN,2021-10-29 06:20:55,40.9725,117.9361,61.65,41,37,1.07
322,Anadyr,RU,2021-10-29 06:20:55,64.75,177.4833,-1.7,78,0,11.18
323,Waipawa,NZ,2021-10-29 06:20:56,-41.4122,175.5153,58.46,88,100,1.83
324,Fairbanks,US,2021-10-29 06:20:56,64.8378,-147.7164,21.16,87,1,0.0
325,Santa Rosa,PH,2021-10-29 06:20:57,14.3122,121.1114,92.1,60,59,16.26
326,Quesnel,CA,2021-10-29 06:20:57,52.9999,-122.5029,34.3,93,90,0.0
327,Sorong,ID,2021-10-29 06:20:58,-0.8833,131.25,84.63,77,54,12.8
328,Esso,RU,2021-10-29 06:20:58,55.9333,158.7,22.89,96,57,3.6
329,Nuevo Ideal,MX,2021-10-29 06:20:59,24.8875,-105.0728,54.46,42,0,1.63
330,Avera,US,2021-10-29 06:20:53,33.194,-82.5271,60.71,81,40,7.56
331,Skagen,DK,2021-10-29 06:21:00,57.7209,10.5839,51.28,86,16,16.67
332,Ecoporanga,BR,2021-10-29 06:21:00,-18.3733,-40.8306,65.68,95,8,1.99
333,Matara,LK,2021-10-29 06:21:01,5.9485,80.5353,84.7,71,97,8.08
334,Sur,OM,2021-10-29 06:21:01,22.5667,59.5289,83.26,45,0,5.66
335,Pashiya,RU,2021-10-29 06:21:02,58.4324,58.2562,20.21,84,100,10.25
336,Fare,PF,2021-10-29 06:21:03,-16.7,-151.0167,76.95,87,96,18.99
337,Rio Das Pedras,BR,2021-10-29 06:21:03,-22.8433,-47.6061,64.87,95,100,5.03
338,Tuatapere,NZ,2021-10-29 06:20:17,-46.1333,167.6833,57.6,83,48,4.56
339,Blyth,GB,2021-10-29 06:21:04,55.1271,-1.5086,55.08,94,75,3.44
340,Narsaq,GL,2021-10-29 06:21:04,60.9167,-46.05,28.62,72,100,3.47
341,Fomboni,KM,2021-10-29 06:21:05,-12.28,43.7425,79.68,63,71,14.23
342,Arlit,NE,2021-10-29 06:21:05,18.7369,7.3853,79.3,14,41,8.48
343,Mangai,CD,2021-10-29 06:21:06,-4.05,19.5333,68.31,100,100,0.83
344,Teya,RU,2021-10-29 06:21:06,60.3778,92.6267,30.15,83,100,12.86
345,Klyuchi,RU,2021-10-29 06:21:07,52.2667,79.1667,43.45,30,99,16.93
346,Sinnamary,GF,2021-10-29 06:21:08,5.3833,-52.95,78.33,85,100,7.34
347,Filadelfia,US,2021-10-29 06:16:32,39.9523,-75.1638,56.05,86,90,5.01
348,Naryan-Mar,RU,2021-10-29 06:21:08,67.6713,53.087,19.26,85,11,7.07
349,Shellbrook,CA,2021-10-29 06:21:09,53.2168,-106.4011,31.23,32,98,4.81
350,Assenede,BE,2021-10-29 06:21:09,51.226,3.7509,54.09,78,7,5.01
351,Kudahuvadhoo,MV,2021-10-29 06:21:10,2.6708,72.8944,82.2,77,54,8.19
352,Kysyl-Syr,RU,2021-10-29 06:21:10,63.8986,122.7617,19.74,77,99,5.7
353,Goya,AR,2021-10-29 06:21:11,-29.14,-59.2626,69.71,65,0,6.24
354,Nanortalik,GL,2021-10-29 06:18:12,60.1432,-45.2371,34.86,73,99,5.61
355,Banyo,CM,2021-10-29 06:21:12,6.75,11.8167,66.29,86,80,2.95
356,Aksu,CN,2021-10-29 06:19:50,41.1231,80.2644,57.74,28,78,2.39
357,Port Blair,IN,2021-10-29 06:18:42,11.6667,92.75,84.29,72,92,12.01
358,Razole,IN,2021-10-29 06:21:13,16.4833,81.8333,88.09,81,100,8.5
359,Les Cayes,HT,2021-10-29 06:21:14,18.2,-73.75,76.95,84,32,4.59
360,Caravelas,BR,2021-10-29 06:21:14,-17.7125,-39.2481,72.72,80,4,4.59
361,Bandarbeyla,SO,2021-10-29 06:21:02,9.4942,50.8122,80.62,60,0,8.63
362,Alamosa,US,2021-10-29 06:22:15,37.4695,-105.87,38.71,74,1,5.75
363,Sogne,NO,2021-10-29 06:22:15,58.0833,7.8167,54.7,94,44,9.42
364,Saint Anthony,US,2021-10-29 06:22:16,45.0205,-93.218,48.24,92,90,3.0
365,Idlib,SY,2021-10-29 06:22:16,35.9306,36.6339,51.19,62,15,3.53
366,Vao,NC,2021-10-29 06:22:17,-22.6667,167.4833,71.29,71,47,15.21
367,Biograd Na Moru,HR,2021-10-29 06:22:17,43.9433,15.4519,49.75,56,48,4.27
368,Oranjestad,AW,2021-10-29 06:20:29,12.524,-70.027,82.24,84,100,22.82
369,Salme,NP,2021-10-29 06:22:18,28.0369,85.0942,66.49,56,0,6.2
370,Pevek,RU,2021-10-29 06:22:19,69.7008,170.3133,1.8,93,100,3.96
371,Rapid Valley,US,2021-10-29 06:18:21,44.0625,-103.1463,51.03,66,1,0.0
372,Emerald,AU,2021-10-29 06:17:58,-23.5333,148.1667,90.34,26,99,14.0
373,Petauke,ZM,2021-10-29 06:19:11,-14.2426,31.3253,70.61,54,4,9.84
374,Bairiki,KI,2021-10-29 06:22:20,1.3292,172.9752,82.4,69,20,8.05
375,Jumla,NP,2021-10-29 06:22:21,29.2747,82.1838,63.73,32,0,5.7
376,Nhulunbuy,AU,2021-10-29 06:22:21,-12.2333,136.7667,90.21,55,40,12.66
377,Kastamonu,TR,2021-10-29 06:22:22,41.5,33.6667,44.62,70,95,4.23
378,Half Moon Bay,US,2021-10-29 06:22:22,37.4636,-122.4286,66.99,84,1,3.44
379,Rocha,UY,2021-10-29 06:20:29,-34.4833,-54.3333,57.83,96,0,4.25
380,Caiaponia,BR,2021-10-29 06:22:23,-16.9567,-51.8103,71.26,72,43,5.61
381,Hatillo,PR,2021-10-29 06:22:23,18.4863,-66.8254,77.05,87,0,3.0
382,Hambantota,LK,2021-10-29 06:22:24,6.1241,81.1185,83.79,73,97,8.23
383,Anqing,CN,2021-10-29 06:22:24,30.5092,117.0506,73.04,34,26,6.22
384,Tshikapa,CD,2021-10-29 06:22:25,-6.4167,20.8,71.38,94,100,2.84
385,Saint-Augustin,CA,2021-10-29 06:22:25,51.226,-58.6502,34.72,62,0,4.83
386,Troitskoye,RU,2021-10-29 06:22:26,52.9821,84.6757,42.66,66,100,11.74
387,Zhangye,CN,2021-10-29 06:22:26,38.9342,100.4517,58.62,18,4,5.57
388,Shakawe,BW,2021-10-29 06:22:27,-18.3667,21.85,71.42,70,99,6.96
389,Le Port,RE,2021-10-29 06:22:27,-20.9373,55.2919,78.76,94,92,5.26
390,Dubbo,AU,2021-10-29 06:20:31,-32.25,148.6167,80.73,24,17,18.41
391,Daru,PG,2021-10-29 06:22:29,-9.0763,143.2092,83.43,74,90,11.41
392,Mezen,RU,2021-10-29 06:22:29,65.8522,44.24,25.81,88,100,10.89
393,Punta Cardon,VE,2021-10-29 06:22:30,11.6581,-70.215,80.92,80,70,20.49
394,Tessalit,ML,2021-10-29 06:22:30,20.1986,1.0114,75.25,23,70,10.67
395,Tilichiki,RU,2021-10-29 06:22:31,60.4667,166.1,11.32,94,96,2.3
396,Comodoro Rivadavia,AR,2021-10-29 06:22:31,-45.8667,-67.5,64.26,34,0,0.0
397,Villamontes,BO,2021-10-29 06:22:32,-21.25,-63.5,79.52,49,100,4.99
398,Labuhan,ID,2021-10-29 06:22:32,-6.8844,112.2051,87.75,62,100,8.23
399,Tabuk,PH,2021-10-29 06:22:33,17.4189,121.4443,81.36,71,37,7.18
400,Kembe,CF,2021-10-29 06:22:33,4.6228,21.8865,71.65,93,100,1.86
401,Camopi,GF,2021-10-29 06:22:34,3.1655,-52.3158,70.25,99,63,1.88
402,Poum,NC,2021-10-29 06:22:34,-20.2333,164.0167,75.97,78,10,8.97
403,Claresholm,CA,2021-10-29 06:22:35,50.0333,-113.5852,44.11,93,88,2.3
404,Bismarck,US,2021-10-29 06:22:35,46.8083,-100.7837,47.8,76,1,1.01
405,Fortuna,US,2021-10-29 06:22:36,40.5982,-124.1573,57.47,75,90,1.99
406,Progreso,MX,2021-10-29 06:22:03,21.2833,-89.6667,76.1,55,35,14.85
407,Wukari,NG,2021-10-29 06:23:37,7.85,9.7833,74.5,85,88,3.13
408,Burns Lake,CA,2021-10-29 06:23:37,54.2331,-125.7533,20.62,93,81,3.0
409,Boa Vista,BR,2021-10-29 06:23:38,2.8197,-60.6733,76.98,88,0,2.3
410,Diamantino,BR,2021-10-29 06:23:38,-14.4086,-56.4461,73.69,86,100,2.73
411,Quatre Cocos,MU,2021-10-29 06:23:39,-20.2078,57.7625,73.51,72,24,16.26
412,Elvas,PT,2021-10-29 06:23:40,38.8815,-7.1628,61.02,84,100,11.9
413,Batagay,RU,2021-10-29 06:23:40,67.6333,134.6333,13.35,95,100,3.44
414,Zhicheng,CN,2021-10-29 06:23:41,30.2956,111.5047,63.77,71,100,4.32
415,Berbera,SO,2021-10-29 06:23:41,10.4396,45.0143,84.76,52,2,2.77
416,Katsuura,JP,2021-10-29 06:23:42,35.1333,140.3,70.11,55,41,23.91
417,Ca Mau,VN,2021-10-29 06:23:42,9.1769,105.15,86.05,70,86,9.42
418,Waverly,US,2021-10-29 06:23:43,42.7392,-84.6208,52.48,91,90,9.22
419,Bria,CF,2021-10-29 06:23:43,6.5423,21.9863,71.87,90,100,1.41
420,Fairview,US,2021-10-29 06:23:44,40.8126,-73.999,55.26,73,90,5.75
421,Bontang,ID,2021-10-29 06:23:44,0.1333,117.5,85.26,66,94,8.3
422,Pacific Grove,US,2021-10-29 06:19:07,36.6177,-121.9166,66.63,84,1,1.01
423,Litovko,RU,2021-10-29 06:23:45,49.2361,135.1742,51.24,43,0,8.01
424,Eenhana,NA,2021-10-29 06:23:46,-17.4667,16.3333,74.95,55,47,3.58
425,Codrington,AU,2021-10-29 06:23:46,-38.2667,141.9667,53.64,54,67,16.73
426,Tucurui,BR,2021-10-29 06:23:47,-3.7661,-49.6725,74.01,92,70,3.02
427,Floro,NO,2021-10-29 06:23:47,61.5996,5.0328,53.96,100,75,8.05
428,Laguna,US,2021-10-29 06:23:48,38.421,-121.4238,65.08,93,1,0.0
429,Ouro Preto Do Oeste,BR,2021-10-29 06:23:48,-10.7481,-62.2158,70.97,96,100,2.95
430,Baghmara,IN,2021-10-29 06:23:49,23.795,86.2085,82.49,47,20,7.16
431,Sawtell,AU,2021-10-29 06:23:49,-30.3833,153.1,84.18,51,100,4.61
432,Nyurba,RU,2021-10-29 06:23:49,63.2842,118.3319,16.74,72,100,11.56
433,Rio Grande,BR,2021-10-29 06:23:50,-32.035,-52.0986,65.95,86,0,14.67
434,Port Lincoln,AU,2021-10-29 06:23:51,-34.7333,135.8667,57.97,52,83,13.98
435,Pawai,IN,2021-10-29 06:23:51,24.2667,80.1667,83.03,34,0,1.9
436,Lahat,ID,2021-10-29 06:23:52,-3.8,103.5333,90.81,53,95,3.2
437,Atambua,ID,2021-10-29 06:23:52,-9.1061,124.8925,85.62,60,98,3.27
438,Anjiang,CN,2021-10-29 06:23:53,27.3194,110.1031,59.58,94,100,2.62
439,Kenda,IN,2021-10-29 06:23:53,23.2,86.5333,85.15,48,5,8.86
440,Nybro,SE,2021-10-29 06:23:53,56.7446,15.9071,48.72,95,40,4.29
441,Kushmurun,KZ,2021-10-29 06:23:54,52.4503,64.6311,41.31,64,100,18.39
442,Matsusaka,JP,2021-10-29 06:23:55,34.5667,136.5333,67.89,49,0,9.15
443,Hamilton,US,2021-10-29 06:23:55,39.1834,-84.5333,57.24,97,90,1.01
444,Sao Jose Da Coroa Grande,BR,2021-10-29 06:21:33,-8.8978,-35.1478,75.27,86,78,10.22
445,Dunedin,NZ,2021-10-29 06:20:00,-45.8742,170.5036,56.77,80,58,4.0
446,Elesbao Veloso,BR,2021-10-29 06:23:56,-6.2019,-42.1403,81.79,39,77,2.91
447,Manaure,CO,2021-10-29 06:23:57,11.7751,-72.4445,79.77,81,92,4.07
448,La Asuncion,VE,2021-10-29 06:23:57,11.0333,-63.8628,78.53,94,95,6.91
449,Nsanje,MW,2021-10-29 06:23:58,-16.92,35.262,77.76,50,32,4.79
450,Ocampo,MX,2021-10-29 06:23:59,21.65,-101.5,52.97,81,29,5.44
451,Kasongo-Lunda,CD,2021-10-29 06:23:59,-6.4667,16.8167,70.92,99,100,0.87
452,Cockburn Town,TC,2021-10-29 06:21:31,21.4612,-71.1419,81.88,73,12,8.19
453,Xiongyue,CN,2021-10-29 06:25:00,40.1774,122.1228,63.37,47,74,9.31
454,Leo,BF,2021-10-29 06:25:00,11.1,-2.1,73.51,79,12,3.8
455,Biak,ID,2021-10-29 06:25:01,-0.9131,122.8766,84.18,69,71,4.34
456,Yatou,CN,2021-10-29 06:25:02,37.15,122.3833,65.61,47,58,6.08
457,Esna,EG,2021-10-29 06:25:03,25.2934,32.554,84.18,18,24,4.23
458,Araouane,ML,2021-10-29 06:25:04,18.9048,-3.5265,78.37,32,98,8.52
459,Dongsheng,CN,2021-10-29 06:25:05,39.8161,109.9776,53.74,22,1,16.51
460,Luau,AO,2021-10-29 06:20:52,-10.7073,22.2247,70.32,80,95,5.17
461,Clinton,US,2021-10-29 06:24:24,42.587,-82.9199,57.22,91,90,10.36
462,Arcachon,FR,2021-10-29 06:25:07,44.5875,-1.0519,59.05,77,0,6.91
463,Alice Springs,AU,2021-10-29 06:25:07,-23.7,133.8833,85.55,14,62,10.36
464,Estelle,US,2021-10-29 06:25:08,29.8458,-90.1067,64.99,58,75,10.36
465,Montepuez,MZ,2021-10-29 06:25:08,-13.1256,38.9997,75.87,44,34,9.98
466,Omboue,GA,2021-10-29 06:25:09,-1.5746,9.2618,76.32,88,64,4.68
467,Urengoy,RU,2021-10-29 06:25:09,65.9667,78.3667,28.62,96,100,13.96
468,Pangnirtung,CA,2021-10-29 06:25:10,66.1451,-65.7125,28.76,97,98,5.35
469,Grindavik,IS,2021-10-29 06:20:59,63.8424,-22.4338,42.75,87,0,18.41
470,Bay City,US,2021-10-29 06:25:11,43.5945,-83.8889,51.12,91,90,6.91
471,Xiongzhou,CN,2021-10-29 06:22:24,25.1167,114.3,75.9,52,75,8.01
472,Colares,PT,2021-10-29 06:25:11,38.7992,-9.4469,66.33,83,75,3.0
473,Santa Cruz,BO,2021-10-29 06:25:12,-17.8,-63.1667,72.86,88,87,5.75
474,Strathmore,CA,2021-10-29 06:25:13,51.0501,-113.3852,44.78,74,98,1.99
475,Khandwa,IN,2021-10-29 06:25:13,21.8333,76.3333,80.62,35,19,9.57
476,Krasnoarmeysk,RU,2021-10-29 06:22:11,51.0239,45.6969,46.15,81,98,10.65
477,Sudogda,RU,2021-10-29 06:25:14,55.9539,40.8629,36.01,90,95,3.71
478,Juba,SS,2021-10-29 06:25:14,4.8517,31.5825,81.72,57,26,3.62
479,Tual,ID,2021-10-29 06:21:25,-5.6667,132.75,83.89,71,96,2.28
480,Glasgow,GB,2021-10-29 06:25:15,55.8652,-4.2576,53.51,97,90,1.01
481,Aswan,EG,2021-10-29 06:25:16,24.0934,32.907,84.42,27,32,4.29
482,Rawson,AR,2021-10-29 06:20:55,-43.3002,-65.1023,65.37,52,26,11.97
483,Masis,AM,2021-10-29 06:25:17,40.0676,44.4359,49.44,42,77,0.0
484,Imeni Poliny Osipenko,RU,2021-10-29 06:25:17,52.4201,136.4853,43.03,63,9,6.6
485,Kahului,US,2021-10-29 06:23:55,20.8947,-156.47,76.84,85,1,12.66
486,Mount Gambier,AU,2021-10-29 06:20:55,-37.8333,140.7667,55.04,46,24,11.12
487,Saquarema,BR,2021-10-29 06:25:18,-22.92,-42.5103,70.2,93,100,10.18
488,Faya,SA,2021-10-29 06:25:19,18.3851,42.4509,68.11,22,4,3.51
489,Sakaiminato,JP,2021-10-29 06:25:19,35.55,133.2333,62.58,51,75,10.36
490,San Policarpo,PH,2021-10-29 06:25:20,12.1791,125.5072,81.36,84,66,11.41
491,Mezhdurechensk,RU,2021-10-29 06:25:20,53.6942,88.0603,39.96,61,100,3.71
492,Bayshore Gardens,US,2021-10-29 06:25:21,27.4253,-82.5904,80.98,59,90,21.85
493,Barzas,RU,2021-10-29 06:25:21,55.7167,86.3167,37.63,67,100,15.08
494,Miles City,US,2021-10-29 06:25:22,46.4083,-105.8406,45.57,57,1,13.8
495,Bognor Regis,GB,2021-10-29 06:25:22,50.7821,-0.6798,59.07,94,100,26.15
496,Muros,ES,2021-10-29 06:25:23,42.7762,-9.0603,58.23,96,100,6.02
497,Palaikastron,GR,2021-10-29 06:25:24,35.2,26.25,66.74,71,71,12.46
498,Champerico,GT,2021-10-29 06:20:56,14.3,-91.9167,82.35,83,98,2.8
499,Klamath Falls,US,2021-10-29 06:26:24,42.2249,-121.7817,51.87,84,1,0.0
500,Muzaffarnagar,IN,2021-10-29 06:26:25,29.4667,77.6833,80.6,41,0,1.3
501,Ormara,PK,2021-10-29 06:26:25,25.2088,64.6357,82.2,47,0,2.21
502,Baltiysk,RU,2021-10-29 06:26:26,54.6538,19.911,44.58,74,34,16.6
503,Homer,US,2021-10-29 06:26:26,59.6425,-151.5483,35.49,73,90,11.5
504,Neuhof,DE,2021-10-29 06:26:27,50.4531,9.6175,43.47,99,5,5.06
505,Ishinomaki,JP,2021-10-29 06:26:28,38.4167,141.3,62.6,55,6,15.08
506,Flinders,AU,2021-10-29 06:26:28,-34.5833,150.8552,84.2,36,2,10.0
507,Lata,PT,2021-10-29 06:26:28,40.1629,-8.3327,62.92,96,100,5.21
508,Namie,JP,2021-10-29 06:26:29,37.4833,141.0,64.96,53,43,12.37
509,Wangkui,CN,2021-10-29 06:26:29,46.8333,126.5,57.43,29,15,11.45
510,Khuldabad,IN,2021-10-29 06:26:30,20.05,75.1833,76.5,31,26,10.78
511,Xuddur,SO,2021-10-29 06:26:30,4.1213,43.8894,82.06,53,8,4.05
512,Iralaya,HN,2021-10-29 06:26:31,15.0,-83.2333,80.69,85,20,9.55
513,Waddan,LY,2021-10-29 06:26:32,29.1614,16.139,65.73,56,99,6.22
514,Penapolis,BR,2021-10-29 06:26:32,-21.4197,-50.0775,68.29,93,99,9.06
515,Fatehpur,IN,2021-10-29 06:26:33,25.9333,80.8,80.4,35,0,1.63
516,Camacupa,AO,2021-10-29 06:22:26,-12.0167,17.4833,65.84,83,86,4.63
517,Sao Felix Do Xingu,BR,2021-10-29 06:26:33,-6.6447,-51.995,72.93,81,71,1.41
518,Kolda,SN,2021-10-29 06:26:34,12.8833,-14.95,77.31,94,98,2.3
519,Kourou,GF,2021-10-29 06:26:34,5.1552,-52.6478,81.1,87,100,5.68
520,Beloha,MG,2021-10-29 06:26:35,-25.1667,45.05,70.29,43,83,15.97
521,Broken Hill,AU,2021-10-29 06:26:35,-31.95,141.4333,71.31,33,75,11.5
522,Lovington,US,2021-10-29 06:26:36,32.944,-103.3485,48.63,35,0,8.68
523,Diego De Almagro,CL,2021-10-29 06:26:37,-26.3667,-70.05,61.99,25,0,1.32
524,Tairua,NZ,2021-10-29 06:26:37,-37.0167,175.85,63.09,69,22,10.89
525,Haimen,CN,2021-10-29 06:26:38,23.1935,116.6142,80.49,68,53,14.83
526,Maun,BW,2021-10-29 06:26:38,-19.9833,23.4167,69.76,78,0,11.5
527,Vanavara,RU,2021-10-29 06:26:38,60.34,102.2797,24.91,61,68,8.46
528,Shaoyang,CN,2021-10-29 06:26:39,27.2315,111.4525,60.46,87,100,3.33
529,Bridgetown,BB,2021-10-29 06:26:40,13.1,-59.6167,79.29,78,40,9.22
530,Karpathos,GR,2021-10-29 06:26:40,35.507,27.2132,67.96,73,20,19.57
531,Vila Franca Do Campo,PT,2021-10-29 06:26:41,37.7167,-25.4333,72.01,92,94,22.93
532,Whitehorse,CA,2021-10-29 06:26:41,60.7161,-135.0538,29.17,68,1,11.01
533,Thibodaux,US,2021-10-29 06:26:42,29.7958,-90.8229,64.98,64,59,4.0
534,Dzerzhinsk,RU,2021-10-29 06:26:42,56.2389,43.4631,30.02,74,75,2.24
535,Novikovo,RU,2021-10-29 06:26:43,51.1537,37.8879,42.4,86,51,5.32
536,Luderitz,NA,2021-10-29 06:26:43,-26.6481,15.1594,60.39,69,0,6.13
537,Pirovskoye,RU,2021-10-29 06:26:44,57.6267,92.2658,35.73,45,100,10.22
538,Sao Geraldo Do Araguaia,BR,2021-10-29 06:26:45,-6.4006,-48.555,72.97,83,11,2.89
539,Balykshi,KZ,2021-10-29 06:26:45,47.0667,51.8667,48.2,93,75,11.18
540,Kodinar,IN,2021-10-29 06:26:45,20.7903,70.7031,86.74,33,70,14.16
541,Mitsamiouli,KM,2021-10-29 06:26:46,-11.3847,43.2844,84.49,61,20,17.27
542,Itaituba,BR,2021-10-29 06:22:35,-4.2761,-55.9836,73.69,83,6,2.04
543,Leon,MX,2021-10-29 06:22:43,21.1167,-101.6667,60.55,46,65,4.61
544,Samarai,PG,2021-10-29 06:26:47,-10.6167,150.6667,84.61,76,44,11.1
545,Bayji,IQ,2021-10-29 06:26:47,34.9311,43.487,76.98,29,87,4.7
546,Sola,VU,2021-10-29 06:27:48,-13.8833,167.55,82.24,75,12,17.72
547,Macapa,BR,2021-10-29 06:27:48,0.0389,-51.0664,80.58,83,0,4.61
548,Suileng,CN,2021-10-29 06:27:49,47.25,127.0833,55.53,35,6,11.27
549,Derzhavinsk,KZ,2021-10-29 06:27:49,51.1,66.3167,38.53,61,100,21.65
550,Namibe,AO,2021-10-29 06:27:50,-15.1961,12.1522,70.84,60,26,2.37
551,Kingsville,US,2021-10-29 06:23:50,27.5159,-97.8561,66.9,56,1,5.75
552,Ahvaz,IR,2021-10-29 06:27:14,31.3203,48.6693,80.55,22,75,2.3
553,Price,US,2021-10-29 06:25:49,39.5994,-110.8107,43.12,75,1,9.22
554,Mayumba,GA,2021-10-29 06:27:51,-3.432,10.6554,76.71,85,97,6.11
555,Kangaba,ML,2021-10-29 06:27:52,11.9333,-8.4167,72.36,83,55,1.72
556,Ust-Tsilma,RU,2021-10-29 06:27:52,65.441,52.1498,17.04,88,30,4.43
557,Amursk,RU,2021-10-29 06:27:53,50.2261,136.8994,46.29,56,3,9.91
